{
  "location_demand": {
    "RandomForest": {
      "MAE": 9.740951859505824,
      "MSE": 364.7633694899788,
      "R2": 0.21305110705944807,
      "Training_Time": 11.634910821914673
    },
    "GradientBoosting": {
      "MAE": 10.303579260962922,
      "MSE": 387.0826630168001,
      "R2": 0.16489894924627224,
      "Training_Time": 7.869915962219238
    },
    "ExtraTrees": {
      "MAE": 10.40956635569584,
      "MSE": 403.9531907129464,
      "R2": 0.12850208430786436,
      "Training_Time": 1.500164270401001
    },
    "Ridge": {
      "MAE": 13.312930609350708,
      "MSE": 456.51644332820865,
      "R2": 0.01510091271332581,
      "Training_Time": 0.01679825782775879
    },
    "Lasso": {
      "MAE": 13.163837276262402,
      "MSE": 490.6773823240866,
      "R2": -0.05859868371875088,
      "Training_Time": 0.10760092735290527
    },
    "ElasticNet": {
      "MAE": 13.224756777667643,
      "MSE": 491.36664543833933,
      "R2": -0.06008571583347311,
      "Training_Time": 0.2916409969329834
    },
    "SVR": {
      "MAE": 11.671955621723601,
      "MSE": 493.15245825907493,
      "R2": -0.0639384695358034,
      "Training_Time": 22.495355129241943
    },
    "KNN": {
      "MAE": 9.754990654205606,
      "MSE": 306.42096448598136,
      "R2": 0.3389203550971036,
      "Training_Time": 0.15451884269714355
    },
    "DecisionTree": {
      "MAE": 11.156941916060115,
      "MSE": 469.6450690091255,
      "R2": -0.013223086650629767,
      "Training_Time": 0.09975099563598633
    },
    "MLPRegressor": {
      "MAE": 10.537490579271727,
      "MSE": 399.57248077533905,
      "R2": 0.13795312880422939,
      "Training_Time": 46.23361897468567
    },
    "XGBoost": {
      "MAE": 10.286483732016634,
      "MSE": 390.031103549332,
      "R2": 0.15853791574605725,
      "Training_Time": 0.547356128692627
    }
  },
  "peak_time": {
    "RandomForest": {
      "Accuracy": 0.9988,
      "F1": 0.9988002182003874,
      "Precision": 0.9988033763188745,
      "Recall": 0.9988,
      "Training_Time": 1.9342842102050781
    },
    "GradientBoosting": {
      "Accuracy": 1.0,
      "F1": 1.0,
      "Precision": 1.0,
      "Recall": 1.0,
      "Training_Time": 4.229558944702148
    },
    "ExtraTrees": {
      "Accuracy": 0.9841,
      "F1": 0.9841073688475283,
      "Precision": 0.9841340345772085,
      "Recall": 0.9841,
      "Training_Time": 1.096487045288086
    },
    "LogisticRegression": {
      "Accuracy": 0.8562,
      "F1": 0.8564194673020946,
      "Precision": 0.856840701499072,
      "Recall": 0.8562,
      "Training_Time": 0.043996334075927734
    },
    "SVC": {
      "Accuracy": 0.9055,
      "F1": 0.9060010057930714,
      "Precision": 0.9123244112369632,
      "Recall": 0.9055,
      "Training_Time": 21.316936016082764
    },
    "KNN": {
      "Accuracy": 1.0,
      "F1": 1.0,
      "Precision": 1.0,
      "Recall": 1.0,
      "Training_Time": 0.26824283599853516
    },
    "NaiveBayes": {
      "Accuracy": 0.8086,
      "F1": 0.8070589565256294,
      "Precision": 0.8083057659361171,
      "Recall": 0.8086,
      "Training_Time": 0.019885778427124023
    },
    "DecisionTree": {
      "Accuracy": 1.0,
      "F1": 1.0,
      "Precision": 1.0,
      "Recall": 1.0,
      "Training_Time": 0.044263362884521484
    },
    "MLPClassifier": {
      "Accuracy": 1.0,
      "F1": 1.0,
      "Precision": 1.0,
      "Recall": 1.0,
      "Training_Time": 10.450294971466064
    },
    "XGBoost": {
      "Accuracy": 1.0,
      "F1": 1.0,
      "Precision": 1.0,
      "Recall": 1.0,
      "Training_Time": 0.35715413093566895
    }
  },
  "base_performance": {
    "RandomForest": {
      "Accuracy": 0.9537815126050421,
      "F1": 0.9535331031637462,
      "Precision": 0.9533436668063715,
      "Recall": 0.9537815126050421,
      "Training_Time": 0.11492729187011719
    },
    "GradientBoosting": {
      "Accuracy": 0.9705882352941176,
      "F1": 0.9707410236822003,
      "Precision": 0.9709535256410255,
      "Recall": 0.9705882352941176,
      "Training_Time": 0.7388558387756348
    },
    "ExtraTrees": {
      "Accuracy": 0.9411764705882353,
      "F1": 0.9405331650631833,
      "Precision": 0.9401206636500754,
      "Recall": 0.9411764705882353,
      "Training_Time": 0.06580090522766113
    },
    "LogisticRegression": {
      "Accuracy": 0.9495798319327731,
      "F1": 0.950004617231508,
      "Precision": 0.9509410014005603,
      "Recall": 0.9495798319327731,
      "Training_Time": 0.006952047348022461
    },
    "SVC": {
      "Accuracy": 0.9495798319327731,
      "F1": 0.9494779426379973,
      "Precision": 0.9497097808195444,
      "Recall": 0.9495798319327731,
      "Training_Time": 0.009259939193725586
    },
    "KNN": {
      "Accuracy": 0.9495798319327731,
      "F1": 0.948915095595876,
      "Precision": 0.9488628784847273,
      "Recall": 0.9495798319327731,
      "Training_Time": 0.009864330291748047
    },
    "NaiveBayes": {
      "Accuracy": 0.9201680672268907,
      "F1": 0.9234325404369892,
      "Precision": 0.9305236758303091,
      "Recall": 0.9201680672268907,
      "Training_Time": 0.0027201175689697266
    },
    "DecisionTree": {
      "Accuracy": 0.9663865546218487,
      "F1": 0.9667299612152553,
      "Precision": 0.9673049848211536,
      "Recall": 0.9663865546218487,
      "Training_Time": 0.00431370735168457
    },
    "MLPClassifier": {
      "Accuracy": 0.9117647058823529,
      "F1": 0.9072264396713405,
      "Precision": 0.9102881152460984,
      "Recall": 0.9117647058823529,
      "Training_Time": 0.24887514114379883
    },
    "XGBoost": {
      "Accuracy": 0.9747899159663865,
      "F1": 0.9750474709114416,
      "Precision": 0.9755422587883322,
      "Recall": 0.9747899159663865,
      "Training_Time": 0.340285062789917
    }
  },
  "weather_demand": {
    "RandomForest": {
      "MAE": 18.774982681010957,
      "MSE": 668.8694384215423,
      "R2": 0.6037414234752172,
      "Training_Time": 0.8446481227874756
    },
    "GradientBoosting": {
      "MAE": 19.599579300816064,
      "MSE": 739.3257570447049,
      "R2": 0.5620009597597924,
      "Training_Time": 0.7656197547912598
    },
    "ExtraTrees": {
      "MAE": 19.724292179556056,
      "MSE": 719.4825513677469,
      "R2": 0.5737566776676037,
      "Training_Time": 0.2567729949951172
    },
    "Ridge": {
      "MAE": 23.635734986085854,
      "MSE": 999.2936425287612,
      "R2": 0.407988086205317,
      "Training_Time": 0.002973794937133789
    },
    "Lasso": {
      "MAE": 24.68674819884497,
      "MSE": 1107.1847181842559,
      "R2": 0.34407013510283313,
      "Training_Time": 0.013109922409057617
    },
    "ElasticNet": {
      "MAE": 28.610465327942237,
      "MSE": 1352.4841134172214,
      "R2": 0.19874732082267876,
      "Training_Time": 0.009150981903076172
    },
    "SVR": {
      "MAE": 24.607550463137574,
      "MSE": 1119.1611190067379,
      "R2": 0.3369749513955219,
      "Training_Time": 0.6329207420349121
    },
    "KNN": {
      "MAE": 24.501268742791233,
      "MSE": 1085.1451441753172,
      "R2": 0.3571270483393004,
      "Training_Time": 0.014093160629272461
    },
    "DecisionTree": {
      "MAE": 22.24988038268202,
      "MSE": 949.7126006585572,
      "R2": 0.437361401751722,
      "Training_Time": 0.013751029968261719
    },
    "MLPRegressor": {
      "MAE": 20.95172794859513,
      "MSE": 758.0821868624246,
      "R2": 0.5508890808887884,
      "Training_Time": 10.088938236236572
    },
    "XGBoost": {
      "MAE": 19.488971438512394,
      "MSE": 704.0001709693747,
      "R2": 0.5829289101923131,
      "Training_Time": 0.36589813232421875
    }
  }
}